id_1,id_2
0,0
0,429
0,471
0,1300
0,1364
0,1617
0,1858
0,2203
0,2204
0,2540
0,2541
0,3148
1,629
1,2366
1,2704
2,2172
3,53
3,2920
3,2921
5,64
8,3177
9,7
9,2925
10,1077
10,1110
10,1490
10,2902
12,104
12,959
12,983
13,577
13,1141
13,1143
13,3069
14,1499
14,2720
14,2838
15,3195
16,2017
17,346
17,492
18,1097
19,653
19,1503
19,1888
20,1429
21,1874
22,2787
23,1953
23,3021
24,1470
25,185
25,290
25,422
25,1921
25,3128
27,419
28,291
28,2185
29,2587
30,2490
31,3285
32,1435
35,342
35,1373
36,2818
38,2808
38,2812
42,206
42,229
42,607
43,917
44,598
45,1289
45,1290
45,1781
45,2482
46,3129
47,637
47,757
47,905
47,1783
47,2650
47,3202
51,1317
51,3115
52,2110
52,2882
52,2883
53,1837
53,1838
54,1295
55,1282
56,69
56,801
56,1866
57,57
57,85
58,264
58,3204
59,986
60,60
61,2458
62,225
62,415
62,1040
62,1462
62,1759
62,1876
62,2148
63,507
65,159
65,161
65,801
65,1866
66,2933
67,67
68,803
68,2535
68,2680
68,2853
69,56
69,1866
70,2184
72,307
72,2349
72,2532
72,3197
72,3278
73,2155
73,2156
74,673
75,1183
75,1957
75,1958
75,2721
75,2740
75,2741
75,2801
75,2858
76,724
76,772
76,1420
76,1453
76,2528
76,2566
76,2902
77,284
77,1151
77,1705
77,1759
77,1866
77,2169
78,1493
78,2658
79,41
80,1365
80,2036
82,82
83,401
83,626
84,1609
84,2058
84,2525
86,624
86,3138
88,258
88,1964
90,1295
91,2768
91,2769
91,2770
92,872
93,2808
95,398
96,96
96,385
97,689
97,870
97,2764
98,626
99,597
100,172
100,3155
102,577
102,2902
103,2003
103,3221
104,12
104,959
104,983
105,268
109,28
110,2497
111,275
112,2965
113,1865
113,2181
114,502
114,1042
114,1140
114,1482
114,1520
114,1912
114,2139
114,2924
115,586
116,116
117,1021
117,1469
117,2710
118,1060
118,2249
119,545
119,1324
119,1347
119,2193
119,3118
119,3143
120,2718
122,554
122,1964
123,1174
124,2289
126,306
126,1221
126,2097
126,2189
126,2897
128,1835
128,1836
129,1325
130,190
131,605
132,444
134,410
134,2768
134,2769
134,2770
135,3280
136,577
136,619
137,1259
139,139
140,497
140,838
140,1398
140,1895
140,2009
140,3125
141,1098
141,2489
141,2985
142,1552
142,2841
145,145
145,2392
146,577
147,2077
149,242
149,260
149,446
149,448
149,629
149,2014
149,3244
150,49
154,485
154,587
154,703
154,1802
154,2223
154,2831
154,3021
154,3241
155,158
153,2381
153,2570
153,2638
153,2773
157,68
157,703
157,944
157,1009
157,1292
157,1469
157,1826
157,1925
157,2057
157,2060
157,2366
157,2466
157,2535
157,2871
157,3052
158,402
159,161
160,1435
161,458
161,1656
164,1895
164,2134
164,2194
164,2195
164,2234
164,2720
165,543
165,601
165,1804
165,2068
165,2335
165,2691
166,1541
167,457
167,464
167,1630
168,325
168,2735
169,1469
170,905
171,393
171,2600
174,174
174,466
174,1013
174,1141
174,1143
174,2615
174,2707
174,3069
175,707
175,1239
175,1639
175,1819
175,2234
175,2680
175,2681
176,357
176,584
176,893
177,3258
179,1274
181,577
183,395
183,1594
184,225
184,415
184,1040
184,1686
186,186
186,2491
188,2869
189,657
189,711
189,824
189,1065
189,1438
189,2022
189,2680
190,2918
192,1721
194,813
194,1860
196,3311
197,599
197,609
197,699
197,1357
197,1553
197,1991
197,1995
198,1293
200,556
201,1368
201,1809
205,205
206,1622
206,2021
207,2173
208,261
208,1145
208,1690
208,2380
208,2459
208,3185
208,3187
208,3300
208,3302
209,1852
209,2762
211,3306
213,2011
213,2808
214,3093
215,2367
215,2443
220,220
220,2090
221,2450
222,879
222,1698
223,295
223,892
224,696
224,749
224,1715
225,479
225,1040
225,1105
226,813
226,1860
230,346
230,492
232,655
233,2290
233,2298
233,2301
234,125
235,71
240,787
240,2527
242,448
245,1023
246,450
246,2995
246,2997
246,3094
249,1219
249,1220
249,1423
249,1521
249,1554
249,1621
249,1910
253,253
255,2532
255,3197
256,641
256,1060
257,2754
257,2952
262,262
262,2933
263,499
263,628
263,1673
263,1675
263,2322
264,3204
264,3205
265,2338
265,3239
266,284
266,624
266,636
266,1462
266,1686
266,1759
266,1876
266,2148
266,2802
267,707
267,1041
267,2234
269,1996
270,1433
270,1859
271,1854
271,3117
273,2467
274,472
274,1235
274,2194
274,2503
278,3114
279,2597
281,60
282,617
282,724
282,772
282,2528
285,1640
286,2704
286,2782
288,2516
289,1409
290,3128
291,392
291,782
291,845
291,1810
293,621
298,260
298,446
298,698
299,1093
300,2081
301,1310
302,2771
303,303
303,1306
306,1219
306,1220
306,1621
307,2261
307,3294
308,2441
310,359
311,734
311,3103
323,2629
325,607
327,2801
327,3093
331,1777
332,314
334,1688
334,2366
335,2453
336,212
336,224
339,294
339,989
341,2487
341,2738
343,23
343,189
343,440
343,803
343,938
343,1499
343,1500
343,2022
343,2680
343,2853
345,2174
346,346
346,492
349,1039
349,1509
349,1891
349,2262
352,577
352,650
352,746
352,1375
352,1376
352,1380
352,1822
352,3130
354,768
354,2767
360,2821
360,2822
361,2400
362,2287
363,1239
363,1982
363,2234
364,860
364,898
364,1737
365,259
365,300
366,508
367,127
367,908
367,930
367,1500
367,1501
367,1858
367,1996
367,2496
367,2591
367,3287
370,3210
373,631
374,510
374,1197
374,1596
375,375
375,1910
376,792
377,621
377,630
377,702
377,2535
377,2851
377,2852
377,3034
378,638
378,725
379,379
379,967
379,3053
380,1747
380,1749
382,1165
383,614
383,1397
386,1284
386,2985
393,393
393,2600
394,2223
394,3023
396,1249
400,3018
401,1390
401,1489
401,2829
401,3077
401,3098
404,2832
405,405
414,413
415,479
415,1040
415,1105
416,972
418,938
418,948
418,1002
418,3304
418,3305
419,2549
420,2981
420,3123
421,2967
421,3269
422,25
422,185
422,290
422,3128
425,425
425,2481
428,466
429,2323
429,3059
429,3143
430,2181
434,2372
434,2373
435,2565
436,1255
436,3217
439,920
441,610
441,2329
442,548
442,550
442,559
442,576
443,2722
445,1796
446,698
446,707
451,790
451,1331
453,138
456,1310
456,1311
456,3152
459,2064
462,1497
462,3112
467,1857
468,1116
469,1639
474,1303
475,1882
475,2176
476,2433
481,434
481,2384
482,1810
482,2149
484,887
485,1127
485,2771
485,3243
486,1172
487,496
491,499
491,628
491,1673
491,1675
491,2322
493,488
497,2082
498,498
503,2613
504,1986
505,549
505,1153
505,3147
506,1970
511,2017
513,681
515,3224
520,2803
521,577
522,522
524,1065
524,1748
524,2139
524,2140
525,158
525,402
525,477
525,1007
526,2583
528,1479
528,2272
528,2952
529,1977
529,1978
529,1979
529,2771
529,3080
531,2867
532,1268
533,533
535,685
537,241
537,3006
537,3007
537,3009
539,2317
541,1980
542,838
542,841
542,1895
542,2332
543,1880
549,711
549,1337
551,1516
551,1517
555,460
555,1396
555,2289
555,3078
577,2509
577,2902
578,3281
580,580
589,1396
590,577
590,3130
592,578
592,599
592,1473
592,3281
593,1374
595,603
596,2928
599,2958
606,861
611,611
611,1119
613,611
613,1119
621,1819
622,2302
624,624
627,627
626,2013
626,2451
626,2950
628,2322
631,631
637,3202
640,2748
647,2088
653,719
658,3143
661,3137
664,2047
669,1053
669,1581
672,892
672,1185
672,1845
672,2004
675,1348
678,265
678,401
678,2696
682,456
682,1312
682,1617
685,720
687,2950
688,532
692,2893
693,2535
693,2796
694,1545
695,1742
701,826
701,833
701,839
705,158
705,703
705,920
705,1009
705,1423
705,1802
705,1819
705,2060
705,2535
705,2648
705,2831
706,706
712,80
712,721
712,1468
712,1927
712,2715
715,260
715,448
715,612
715,1377
715,1729
715,1859
715,2115
715,2212
715,2234
715,2295
715,3139
715,3275
715,3276
716,1789
718,718
728,830
732,691
736,1947
740,900
744,2411
744,2739
745,2683
756,1310
756,1311
756,3152
757,884
758,845
759,10
759,182
759,2024
766,766
766,2066
766,3115
770,1167
773,1593
777,1202
788,2030
788,2031
788,2783
793,2933
793,2934
798,2324
800,293
800,606
800,614
800,1292
800,1397
800,2022
800,2329
800,2366
800,3094
800,3291
804,1693
804,3126
806,23
806,1302
810,1630
821,2177
828,599
828,609
828,699
828,1357
828,1553
828,1991
828,1995
836,862
851,541
851,1980
854,2319
854,3310
890,865
899,1059
899,1345
899,2512
908,1735
908,2161
908,2591
909,1216
910,182
911,127
911,523
911,1069
911,1182
911,1382
911,1383
911,1384
911,1800
911,2193
911,2495
911,2496
911,2590
911,2706
912,2323
912,2632
913,2939
914,306
914,454
914,739
914,1598
914,1599
914,1803
914,2097
914,2897
915,293
915,377
915,621
915,1009
915,2193
915,2366
915,2954
915,2955
915,3051
916,931
916,2772
918,737
918,2925
918,3145
921,2532
922,586
923,1200
924,1790
924,2139
925,347
926,495
926,1168
926,1472
927,2808
928,125
929,2203
930,440
930,908
930,965
930,1065
930,1621
930,2679
930,2894
931,2772
932,1411
932,1412
933,23
933,2044
934,185
934,290
934,358
934,758
934,2369
935,149
935,260
935,446
935,448
935,612
935,629
935,1520
935,1982
935,2234
935,3153
935,3244
935,3276
936,306
936,454
936,1504
936,1775
936,1843
936,1844
936,2097
936,2679
936,2897
936,2940
936,2941
938,657
938,711
938,824
938,1065
938,1438
938,2022
938,2680
941,321
941,782
941,1225
941,2328
941,2423
941,2424
942,1117
942,1209
942,2994
943,3011
944,1826
944,2796
946,1630
947,2035
949,472
949,1235
949,2194
949,2503
951,951
953,592
953,1368
953,1857
953,2783
954,2005
956,2110
956,2728
960,2027
960,2950
961,911
961,1069
963,1395
963,2366
965,408
965,639
965,891
965,1220
965,1440
965,2234
965,2911
966,939
966,1066
966,1068
966,1258
968,39
970,161
970,3203
971,2575
972,972
973,174
973,362
973,973
974,120
974,121
974,423
974,1052
974,2025
974,2799
974,2932
974,3241
976,1746
977,2067
977,2922
978,2263
978,2476
979,544
980,669
980,2166
980,2205
984,2994
985,156
985,1199
985,1372
985,1674
988,12
988,104
988,983
988,1643
990,388
990,661
990,3048
991,2366
992,636
992,648
992,875
992,905
992,2541
993,298
993,448
993,621
993,629
993,630
993,639
993,664
993,796
993,1084
993,1142
993,1220
993,1440
993,1502
993,1521
993,1556
993,1598
993,1621
993,1881
993,2004
993,2048
993,2161
993,2189
993,2212
993,2255
993,2414
993,2760
993,3042
993,3043
994,834
995,900
995,2522
996,667
996,787
996,1329
996,1330
996,2071
996,2527
997,1874
998,254
998,670
998,1801
998,1802
998,2743
1000,2600
1001,826
1001,833
1001,839
1001,1538
1001,1691
1001,1918
1001,2017
1001,2366
1001,2506
1001,2871
1002,1002
1003,126
1003,306
1003,2097
1003,3301
1004,945
1004,999
1004,1157
1004,1573
1004,2107
1004,2108
1005,106
1007,155
1007,402
1006,1397
1006,1425
1006,3286
1008,2804
1008,2805
1009,523
1009,545
1009,563
1009,1602
1009,1735
1009,2438
1009,2591
1009,2597
1011,340
1012,2478
1012,3311
1013,349
1013,1851
1013,1892
1014,1629
1015,184
1015,1686
1016,2996
1017,11
1019,1513
1022,1266
1023,808
1024,577
1025,2426
1025,3069
1029,1368
1030,2765
1032,519
1033,2016
1034,176
1034,304
1035,229
1035,1035
1036,216
1037,2455
1041,873
1041,1423
1041,2414
1041,2603
1041,2964
1042,707
1042,2712
1043,1154
1044,1044
1044,2017
1045,1159
1046,167
1046,810
1046,812
1046,946
1046,958
1046,964
1046,969
1046,988
1046,1631
1046,1816
1046,2006
1046,2037
1046,2038
1046,2039
1046,2042
1046,2043
1046,2334
1046,2651
1046,2711
1046,3029
1046,3191
1047,427
1048,2006
1049,826
1049,833
1049,839
1050,2078
1051,3036
1055,708
1057,2808
1057,2812
1058,540
1058,1866
1060,641
1061,514
1061,588
1062,762
1066,34
1066,939
1066,966
1066,1068
1066,1258
1067,447
1069,1070
1069,1071
1071,1070
1072,328
1072,562
1072,565
1072,612
1072,719
1072,1124
1072,3256
1073,1076
1074,1076
1075,1076
1078,1080
1081,1992
1082,868
1082,1288
1083,1082
1085,249
1085,1554
1085,1910
1086,280
1087,1087
1088,789
1089,560
1090,2648
1091,228
1091,1411
1091,1560
1091,2158
1091,2674
1092,514
1092,2129
1092,2693
1094,356
1095,723
1095,1483
1095,2394
1095,2801
1096,3310
1098,855
1098,2489
1099,1100
1099,2277
1104,1736
1106,3136
1108,465
1108,556
1108,1615
1108,1616
1108,1617
1109,3188
1111,1112
1113,39
1114,2146
1118,611
1118,1119
1119,1117
1119,1209
1119,1888
1119,1952
1119,2994
1121,1980
1122,185
1122,290
1122,422
1122,478
1122,2124
1122,2660
1122,3127
1124,49
1125,569
1126,297
1129,2422
1129,2423
1130,447
1130,1910
1132,2319
1133,1134
1133,2868
1134,1131
1135,1135
1136,790
1136,885
1138,1008
1138,2804
1139,860
1139,898
1141,1143
1144,980
1144,2166
1146,616
1146,623
1147,306
1147,454
1147,1504
1147,1775
1147,1843
1147,1844
1147,2097
1147,2679
1147,2897
1147,2940
1147,2941
1148,219
1150,1893
1150,2435
1150,2629
1150,2841
1153,3147
1155,1460
1155,1461
1156,128
1156,1836
1156,2452
1157,2808
1158,1141
1158,1143
1159,2902
1160,857
1160,2737
1161,1211
1162,952
1162,981
1162,1163
1162,1164
1164,1665
1166,1167
1169,3136
1170,501
1171,725
1173,1174
1175,1752
1176,2506
1177,1680
1178,2268
1178,2810
1181,1179
1182,1179
1184,2956
1185,672
1186,2317
1188,3033
1189,3010
1190,2861
1191,546
1191,563
1191,573
1191,1640
1192,563
1192,1505
1193,2399
1194,217
1196,120
1196,276
1196,320
1196,518
1196,974
1196,1207
1196,2115
1196,2202
1196,2799
1197,593
1197,1796
1197,1999
1197,2862
1203,669
1203,2002
1203,3233
1204,632
1204,1214
1205,1204
1205,1795
1206,1642
1207,437
1207,2115
1208,423
1208,1820
1208,1821
1208,1982
1209,1620
1210,760
1212,1464
1213,2959
1215,1216
1215,1217
1215,1218
1217,658
1217,1375
1218,224
1218,632
1218,1204
1218,1205
1218,1214
1218,1217
1218,1223
1218,1224
1218,1795
1218,2762
1219,1220
1222,1224
1222,1484
1223,1222
1224,1222
1224,1223
1224,1224
1226,1225
1227,1227
1228,1228
1229,1227
1231,1231
1232,1233
1234,3205
1235,2194
1236,1236
1237,249
1237,440
1237,664
1237,837
1237,853
1237,873
1237,876
1237,904
1237,1041
1237,1219
1237,1238
1237,1303
1237,1502
1237,1521
1237,1554
1237,1556
1237,1558
1237,1621
1237,1624
1237,1659
1237,1667
1237,1751
1237,2161
1237,2234
1237,2238
1237,2251
1237,2413
1237,2414
1237,2525
1237,2603
1237,2963
1237,2964
1237,3004
1238,762
1240,4
1240,879
1243,1551
1243,1552
1243,2660
1244,1183
1244,1957
1244,1958
1244,2721
1244,2740
1244,2741
1244,2801
1244,2858
1245,3270
1246,2071
1248,61
1248,279
1248,806
1248,2878
1248,2947
1249,396
1249,1250
1250,396
1250,1249
1251,560
1251,882
1252,2909
1253,1637
1254,775
1254,1253
1254,1588
1254,1589
1256,2648
1256,3022
1257,1866
1257,2933
1260,306
1260,454
1260,739
1260,1598
1260,1599
1260,2097
1260,2897
1260,3301
1261,1116
1262,408
1262,823
1262,873
1262,908
1262,1263
1262,1438
1262,1440
1262,2437
1262,2438
1263,408
1263,1438
1263,1440
1264,2598
1265,1620
1265,2002
1266,2647
1269,436
1269,1255
1269,1756
1269,3118
1270,2682
1271,1141
1271,1143
1272,1405
1273,179
1273,1274
1273,1825
1273,2876
1276,328
1276,3197
1277,250
1277,1275
1277,1919
1278,1278
1279,1788
1280,804
1280,3126
1281,906
1285,1286
1286,1285
1286,1287
1290,2482
1296,1298
1297,265
1297,372
1297,1297
1300,503
1300,1927
1300,1928
1300,2191
1300,2281
1301,1284
1302,2049
1304,1307
1304,1309
1305,303
1305,1305
1305,1306
1306,1304
1306,1307
1306,1308
1308,1307
1309,1308
1310,3152
1311,456
1311,1312
1311,1617
1312,1617
1314,1313
1315,757
1315,1316
1316,757
1316,846
1317,757
1317,1415
1317,2065
1317,2066
1318,2062
1319,871
1319,1840
1319,2167
1320,742
1320,1137
1320,1512
1320,1840
1320,1857
1320,2026
1320,3091
1320,3216
1322,33
1322,48
1322,94
1322,114
1322,149
1322,249
1322,260
1322,267
1322,355
1322,363
1322,408
1322,426
1322,440
1322,448
1322,600
1322,615
1322,629
1322,630
1322,634
1322,635
1322,664
1322,698
1322,707
1322,711
1322,755
1322,786
1322,802
1322,809
1322,829
1322,834
1322,837
1322,853
1322,867
1322,876
1322,883
1322,904
1322,1042
1322,1084
1322,1085
1322,1142
1322,1219
1322,1220
1322,1236
1322,1303
1322,1323
1322,1363
1322,1438
1322,1440
1322,1458
1322,1482
1322,1488
1322,1502
1322,1521
1322,1554
1322,1556
1322,1558
1322,1602
1322,1608
1322,1621
1322,1624
1322,1659
1322,1667
1322,1751
1322,1779
1322,1819
1322,1823
1322,1910
1322,1949
1322,1982
1322,2116
1322,2139
1322,2140
1322,2161
1322,2181
1322,2212
1322,2234
1322,2235
1322,2237
1322,2238
1322,2244
1322,2251
1322,2255
1322,2279
1322,2346
1322,2402
1322,2414
1322,2507
1322,2508
1322,2594
1322,2597
1322,2603
1322,2625
1322,2863
1322,2911
1322,2924
1322,2957
1322,2963
1322,3047
1322,3276
1323,731
1323,1303
1324,1895
1324,2979
1327,1880
1328,1330
1329,787
1329,996
1329,1330
1329,2323
1329,2527
1330,787
1330,2527
1331,790
1332,26
1332,2079
1333,2650
1334,1335
1336,1336
1337,549
1338,2442
1339,557
1341,1343
1341,1346
1342,1341
1342,1343
1342,1346
1344,1346
1345,1342
1345,1344
1345,1346
1346,3189
1347,2560
1349,2625
1351,146
1351,181
1351,182
1351,389
1351,577
1351,910
1351,1077
1351,1350
1351,2902
1352,1621
1353,735
1354,1355
1356,483
1356,683
1356,847
1356,1081
1356,1357
1356,1813
1356,1992
1356,3218
1358,384
1360,723
1361,889
1362,832
1362,2084
1363,267
1366,569
1366,582
1366,592
1366,599
1366,752
1366,1214
1366,1368
1366,1473
1366,1593
1366,2857
1366,3282
1367,1473
1367,2613
1368,578
1368,599
1368,1473
1368,3281
1369,953
1369,1232
1370,834
1371,1198
1372,2692
1375,650
1376,746
1377,149
1377,242
1377,260
1377,446
1377,448
1377,629
1377,739
1377,1520
1377,1859
1377,2014
1377,2295
1377,2551
1377,3244
1378,352
1379,3143
1381,611
1381,613
1381,650
1381,1117
1381,1118
1381,1119
1381,1120
1381,1764
1382,1384
1383,1384
1385,1950
1388,1387
1390,3189
1391,2161
1392,411
1392,963
1392,1048
1392,1049
1392,1050
1392,1393
1392,1915
1392,1975
1392,2013
1392,2366
1393,1049
1393,1050
1393,2338
1394,2366
1398,2082
1399,860
1399,862
1399,898
1400,2808
1401,388
1401,661
1401,864
1401,877
1401,3048
1403,1402
1404,721
1404,2715
1405,1272
1406,1408
1407,1408
1409,1410
1410,514
1410,774
1411,1412
1411,2983
1412,2983
1413,564
1414,289
1415,1317
1415,1607
1419,1419
1420,3147
1421,825
1421,842
1422,1423
1422,1621
1422,2279
1423,873
1424,249
1424,267
1424,408
1424,664
1424,786
1424,853
1424,876
1424,904
1424,1041
1424,1130
1424,1219
1424,1237
1424,1238
1424,1303
1424,1363
1424,1423
1424,1438
1424,1440
1424,1554
1424,1556
1424,1558
1424,1621
1424,1624
1424,1667
1424,1910
1424,2139
1424,2140
1424,2181
1424,2234
1424,2244
1424,2415
1424,2457
1424,2603
1424,2825
1424,3004
1426,48
1427,577
1427,763
1427,1271
1427,1452
1427,1469
1427,1785
1427,2021
1427,2056
1427,2261
1427,2509
1427,2863
1427,3294
1428,399
1428,2341
1429,401
1429,626
1429,1626
1429,2696
1429,2945
1430,1825
1431,2115
1432,448
1433,1433
1433,1859
1434,1456
1436,1189
1436,2205
1436,2403
1436,2979
1437,250
1438,408
1439,627
1439,1271
1439,1699
1439,1785
1439,2021
1439,2307
1439,2330
1440,408
1440,739
1440,1438
1443,1441
1443,3288
1445,406
1445,787
1445,886
1445,1003
1445,1691
1445,2402
1445,2527
1445,2595
1445,3019
1445,3198
1446,1529
1447,2613
1448,50
1449,443
1449,2868
1450,724
1450,763
1450,772
1450,1451
1451,763
1451,1450
1451,1451
1451,1452
1451,1453
1453,724
1453,772
1453,1453
1454,1891
1454,2262
1458,1457
1458,1459
1458,1784
1458,2262
1458,2911
1463,1463
1465,1466
1466,2952
1467,1020
1468,1927
1471,607
1472,495
1475,2635
1476,1477
1476,1478
1477,823
1477,2194
1477,2954
1479,656
1480,433
1480,1479
1481,730
1483,512
1483,1093
1483,2801
1485,324
1485,803
1485,852
1485,2680
1487,1487
1488,600
1490,347
1490,1110
1491,1492
1491,2120
1494,1495
1496,1819
1496,2234
1500,505
1500,630
1500,911
1500,2193
1500,2838
1500,2846
1500,3287
1501,126
1501,306
1501,2897
1502,664
1502,2680
1503,1503
1503,1725
1503,3228
1505,573
1506,561
1506,602
1507,1507
1510,1511
1514,1514
1516,1516
1516,1517
1518,551
1518,1516
1518,1517
1520,1859
1520,2014
1520,2234
1522,117
1522,154
1522,157
1522,158
1522,402
1522,477
1522,523
1522,545
1522,563
1522,705
1522,908
1522,930
1522,936
1522,944
1522,965
1522,998
1522,1147
1522,1602
1522,1612
1522,1735
1522,1776
1522,1800
1522,1925
1522,2234
1522,2366
1522,2438
1522,2536
1522,2591
1522,2597
1524,582
1524,597
1525,570
1525,2004
1525,2194
1525,2195
1527,645
1527,1526
1527,1528
1528,1526
1530,1531
1531,1530
1533,1533
1534,1533
1534,1787
1535,387
1536,1537
1539,1538
1542,1201
1542,1246
1542,2448
1542,3135
1544,2808
1546,534
1547,987
1548,892
1548,1157
1548,1845
1548,2322
1549,97
1549,962
1550,1200
1550,2465
1550,2817
1554,249
1556,249
1556,1554
1556,2234
1557,835
1558,249
1558,630
1558,731
1558,853
1558,876
1558,904
1558,1219
1558,1554
1558,1621
1558,1667
1558,1910
1558,2244
1558,2251
1558,2255
1558,3004
1560,743
1562,571
1562,1561
1563,203
1563,929
1563,3134
1564,101
1564,196
1564,203
1564,929
1564,1241
1564,1242
1564,1563
1564,1564
1564,1565
1564,1810
1564,2561
1564,2689
1564,2690
1564,3134
1564,3149
1564,3182
1564,3311
1566,3070
1568,1416
1570,231
1570,1569
1570,1571
1572,2604
1575,1275
1576,2073
1578,761
1579,1813
1580,1579
1580,2958
1582,108
1582,319
1582,575
1582,776
1582,2138
1582,2400
1582,3084
1582,3230
1585,542
1585,838
1585,1895
1586,582
1587,597
1590,1943
1591,1515
1592,845
1595,1770
1598,3301
1599,454
1599,1598
1599,1609
1599,2457
1599,3301
1600,725
1601,2017
1602,639
1603,728
1603,830
1603,1078
1603,1079
1603,1474
1603,1929
1603,3120
1604,700
1606,154
1606,265
1606,306
1606,334
1606,678
1606,1688
1606,1791
1606,2366
1607,677
1607,1326
1607,2315
1607,2716
1607,3103
1608,769
1611,683
1611,1152
1612,1602
1612,1800
1617,1108
1617,1311
1617,2808
1618,180
1618,1310
1619,1449
1623,1442
1624,873
1624,1065
1624,1667
1624,2161
1624,2825
1625,2092
1625,2950
1627,2267
1628,3143
1629,3044
1630,457
1631,810
1632,878
1634,669
1635,1976
1635,2238
1636,149
1636,260
1636,446
1636,448
1636,612
1636,629
1636,974
1636,1196
1636,1207
1636,1520
1636,1976
1636,1982
1636,2234
1636,3153
1636,3244
1636,3275
1636,3276
1637,1737
1638,880
1638,1639
1640,573
1641,285
1641,351
1641,1642
1642,285
1644,1645
1647,1646
1648,1649
1650,1648
1650,1649
1651,1652
1653,1654
1655,159
1655,161
1655,1656
1655,1705
1655,1885
1655,2735
1655,3038
1657,2438
1658,1348
1659,711
1659,907
1661,1660
1662,1715
1663,3205
1664,1588
1665,2350
1667,1881
1670,1670
1671,1154
1672,2188
1675,218
1675,1673
1676,1676
1679,2857
1682,431
1683,729
1683,1684
1683,2613
1687,1687
1687,1688
1687,2366
1688,2366
1689,1063
1690,2385
1692,470
1692,1721
1692,2968
1696,3249
1697,4
1697,879
1699,633
1700,651
1701,1584
1701,2304
1703,100
1704,652
1705,458
1706,1299
1706,2097
1707,272
1707,2111
1709,2162
1710,56
1710,69
1710,1058
1710,1709
1711,1711
1713,1180
1714,452
1716,2161
1717,523
1717,1230
1717,1469
1717,1508
1717,2710
1718,3195
1719,3193
1720,676
1720,1720
1722,1723
1724,1724
1725,1503
1726,3165
1727,811
1728,538
1728,2160
1728,2869
1729,367
1729,1500
1730,2541
1731,277
1734,2141
1735,1608
1736,769
1738,574
1738,681
1739,438
1739,597
1739,2567
1740,1741
1744,93
1744,2081
1745,93
1745,976
1745,1746
1747,1749
1748,639
1748,853
1748,876
1748,904
1748,1818
1748,1819
1748,1881
1748,2234
1753,2180
1753,2181
1754,286
1754,387
1755,2261
1755,3294
1756,2056
1756,2261
1756,2509
1757,127
1757,172
1757,206
1757,221
1757,307
1757,1757
1757,2349
1757,2532
1757,3197
1757,3278
1759,624
1759,733
1759,1876
1760,432
1760,819
1760,975
1760,1761
1760,2797
1760,2918
1761,432
1761,943
1761,975
1761,1760
1761,2877
1762,2574
1763,1291
1765,3143
1766,2286
1769,1677
1769,1873
1769,2161
1769,2648
1769,2736
1769,3262
1771,267
1771,448
1771,1377
1771,1520
1771,1772
1771,2686
1771,3276
1772,719
1773,71
1776,236
1776,897
1776,1502
1776,2681
1778,2010
1780,3037
1781,45
1781,1290
1782,1538
1786,288
1786,650
1786,831
1786,835
1786,1375
1786,2514
1786,2516
1790,1790
1790,2097
1790,2140
1793,371
1796,593
1798,553
1798,1702
1798,2510
1798,3218
1800,621
1800,2505
1800,2506
1800,2597
1801,670
1801,1802
1803,1802
1805,637
1806,2469
1808,579
1809,1855
1812,1093
1815,167
1815,457
1815,810
1815,946
1815,1630
1815,1631
1815,2041
1815,2042
1815,2043
1817,409
1817,837
1817,2234
1818,707
1818,1750
1818,1819
1818,2234
1818,2712
1819,897
1819,2681
1820,409
1820,1065
1820,1750
1820,1818
1820,2234
1821,1750
1822,1822
1824,1825
1825,200
1825,955
1826,324
1828,237
1828,1827
1829,852
1830,3000
1830,3183
1832,252
1832,2634
1833,2535
1833,2648
1833,2831
1834,1498
1834,1662
1836,2086
1841,404
1841,803
1841,852
1841,2466
1841,2680
1841,2832
1842,591
1844,1843
1847,1848
1849,755
1850,637
1852,1764
1852,2762
1853,1853
1854,1278
1856,514
1856,588
1856,2693
1857,757
1857,846
1857,1316
1861,616
1861,709
1861,1146
1861,2475
1861,2652
1862,616
1862,623
1862,1146
1863,572
1864,2022
1865,472
1865,702
1865,1235
1865,2194
1865,2852
1865,3034
1867,12
1867,463
1867,983
1868,2608
1870,1869
1872,817
1872,2052
1874,3143
1875,1047
1875,1050
1877,849
1877,850
1877,1878
1879,548
1879,550
1879,559
1879,576
1883,313
1883,1884
1884,589
1886,2412
1887,205
1888,798
1888,2324
1888,3228
1889,1540
1890,3101
1891,577
1891,1375
1891,1380
1893,2755
1894,2351
1894,3309
1895,838
1898,1896
1898,1897
1899,272
1899,1271
1899,1439
1899,2307
1899,2528
1901,1900
1902,2308
1902,2833
1902,2834
1903,2646
1904,1904
1905,1056
1906,640
1906,1586
1907,1907
1907,1909
1907,2694
1907,2695
1908,1909
1911,615
1911,1142
1911,1912
1913,1649
1914,1810
1914,2149
1915,101
1915,2690
1916,488
1917,646
1917,2387
1919,1694
1919,2758
1920,1062
1922,268
1923,132
1924,2286
1925,1097
1926,206
1926,1899
1926,2349
1927,721
1928,753
1929,728
1929,830
1930,1931
1932,567
1933,866
1934,1935
1936,2141
1937,1938
1939,238
1940,1940
1941,1291
1942,2345
1946,2092
1948,874
1949,664
1949,666
1949,843
1949,1362
1949,1839
1949,1910
1949,2047
1949,2251
1949,2508
1949,2911
1951,3014
1952,611
1952,613
1952,1117
1952,1118
1952,1119
1952,1120
1952,2993
1953,1502
1953,2680
1953,2853
1954,795
1954,2246
1955,1956
1957,723
1958,1712
1958,1957
1959,317
1960,348
1961,560
1962,538
1962,593
1962,643
1962,1700
1962,1961
1963,305
1963,330
1963,391
1963,2847
1963,2848
1963,2981
1964,258
1964,554
1964,1390
1965,1715
1967,3134
1968,251
1968,929
1968,1810
1968,1850
1968,3149
1968,3182
1968,3183
1969,1967
1969,3149
1971,798
1971,984
1971,1053
1971,1209
1971,1381
1971,1895
1971,2989
1971,3010
1972,510
1972,1738
1972,2638
1973,530
1974,1293
1974,3033
1975,411
1975,1049
1975,1050
1975,1393
1975,1395
1976,33
1976,249
1976,298
1976,1554
1976,1750
1976,1817
1976,1818
1976,1820
1976,1821
1976,2004
1976,2139
1976,2212
1976,2295
1976,2418
1976,2887
1976,3085
1976,3274
1976,3275
1976,3276
1981,846
1982,807
1982,3016
1983,494
1984,1985
1984,2113
1986,1987
1987,1986
1988,1989
1990,1991
1990,1993
1991,1993
1993,1991
1993,1993
1994,1991
1994,1993
1994,1995
1995,827
1995,1993
1997,269
1997,1996
1998,2666
1999,593
1999,1197
2000,133
2001,1209
2001,1620
2001,2001
2001,2002
2005,308
2005,820
2005,847
2005,1344
2005,1357
2005,1579
2005,1582
2005,1990
2005,2441
2005,3230
2005,3231
2005,3250
2005,3266
2005,3282
2005,3310
2007,173
2007,314
2007,332
2007,2007
2007,2008
2008,2007
2008,2008
2008,2519
2012,2081
2015,3025
2018,2019
2018,2020
2018,2272
2022,657
2023,1577
2023,2814
2024,1077
2024,1110
2024,1490
2024,2902
2027,460
2027,1396
2027,2289
2027,3078
2028,178
2028,2029
2029,1733
2029,2008
2032,2033
2033,2032
2034,326
2034,461
2036,721
2036,753
2037,147
2037,167
2037,463
2037,810
2037,946
2037,958
2037,1630
2037,1631
2037,1815
2037,1816
2037,1867
2037,2037
2037,2041
2037,2042
2037,2043
2037,2811
2038,1815
2038,2037
2038,2811
2039,104
2039,1321
2039,2077
2041,810
2041,946
2041,2042
2041,2043
2042,810
2042,946
2042,1630
2042,2041
2043,810
2043,946
2043,2042
2044,1732
2045,611
2045,613
2045,1117
2045,1118
2045,1119
2045,1120
2045,1765
2046,547
2047,2048
2048,2047
2050,636
2050,777
2050,2312
2053,183
2053,193
2053,291
2053,358
2053,520
2053,566
2053,845
2053,929
2053,1074
2053,1075
2053,1203
2053,2050
2053,2124
2053,2185
2053,2607
2053,2608
2053,2631
2053,2706
2053,2803
2053,2907
2053,3028
2053,3265
2055,203
2055,929
2055,1967
2055,3311
2057,703
2057,2057
2057,2058
2057,2130
2059,824
2060,703
2060,1750
2060,1802
2060,2366
2060,2534
2060,3021
2060,3241
2060,3242
2061,751
2061,2917
2063,7
2063,1019
2063,2074
2066,3154
2069,23
2069,595
2069,2487
2070,2245
2072,2073
2072,2761
2074,7
2074,3116
2075,1330
2076,2928
2077,12
2077,104
2077,983
2078,662
2080,818
2084,832
2087,573
2089,3098
2091,568
2093,2333
2093,2672
2094,1736
2094,2732
2095,1736
2095,1758
2095,2732
2096,757
2096,791
2096,846
2096,884
2096,2781
2097,1609
2097,3301
2098,1767
2099,2190
2100,2371
2100,2372
2100,2373
2101,2210
2101,2211
2103,382
2103,1165
2104,382
2104,1165
2104,2531
2104,2982
2104,3201
2105,660
2106,2105
2106,3084
2110,1283
2110,1555
2110,2728
2110,2729
2112,2774
2114,2411
2114,2739
2116,355
2117,686
2118,2118
2119,2611
2121,308
2121,776
2121,783
2121,847
2121,1125
2121,1582
2121,1813
2121,2122
2121,2319
2121,2441
2121,2850
2121,3230
2121,3231
2121,3238
2121,3282
2121,3310
2122,197
2122,2842
2122,3238
2123,2123
2124,185
2124,290
2124,422
2124,735
2124,758
2124,1074
2124,1075
2124,1121
2124,1921
2124,1980
2124,2165
2124,2336
2124,2369
2124,2697
2124,2698
2124,2742
2124,2850
2124,2960
2124,3127
2125,2850
2126,28
2126,101
2126,109
2126,2053
2126,2106
2126,2687
2126,2759
2127,2289
2128,1599
2130,703
2131,2133
2132,690
2132,2131
2134,2346
2134,2347
2135,202
2136,202
2136,2135
2137,2138
2139,873
2139,2597
2140,873
2142,2206
2143,212
2144,337
2145,767
2147,236
2147,1776
2147,2542
2148,225
2148,415
2150,2080
2151,2152
2152,2150
2153,685
2153,720
2153,794
2154,506
2157,3204
2158,760
2158,2159
2158,3144
2159,2158
2159,3144
2160,517
2160,2869
2160,3068
2161,1267
2161,1268
2161,2279
2161,2476
2161,2597
2161,2703
2164,1099
2165,312
2165,322
2167,2364
2168,2169
2169,225
2169,415
2169,1040
2170,1020
2170,2081
2170,2171
2170,2806
2170,2807
2170,2808
2171,213
2171,1294
2171,2081
2171,2806
2171,2807
2175,895
2180,2181
2182,802
2182,817
2182,829
2182,867
2183,779
2185,392
2185,782
2185,845
2185,1810
2186,2186
2187,784
2191,796
2192,1428
2193,1107
2193,1895
2193,2134
2193,2194
2193,2195
2193,2234
2193,2720
2196,727
2198,1195
2198,2522
2199,338
2200,707
2200,2712
2201,1819
2202,2163
2204,559
2204,872
2204,1593
2204,1614
2204,1633
2204,2071
2204,2203
2204,2917
2204,3084
2204,3310
2207,1613
2208,1247
2209,1341
2209,1342
2209,1345
2209,1346
2213,2210
2214,1397
2215,2215
2216,2217
2218,768
2218,2767
2219,409
2219,1543
2219,2220
2221,87
2221,626
2221,727
2221,1811
2221,2196
2221,2224
2222,2222
2223,587
2224,509
2225,3131
2226,509
2228,1258
2229,1940
2230,2232
2231,2179
2232,1289
2232,2231
2233,1970
2234,816
2235,363
2235,409
2235,707
2235,1042
2235,1488
2235,1554
2235,1750
2235,1817
2235,1818
2235,1820
2235,1821
2235,1982
2235,2139
2235,2212
2235,2234
2235,2237
2235,2238
2235,2604
2235,2953
2236,114
2236,175
2236,260
2236,363
2236,426
2236,446
2236,448
2236,629
2236,634
2236,635
2236,873
2236,1065
2236,1239
2236,1621
2236,1821
2236,1982
2236,2139
2236,2140
2236,2234
2236,2237
2236,2238
2236,2295
2236,2414
2236,2418
2236,2457
2236,2714
2236,2957
2236,3244
2236,3275
2236,3276
2237,1239
2237,1982
2237,2234
2238,2139
2239,2083
2240,390
2241,684
2241,863
2241,2354
2242,852
2243,940
2243,957
2245,2070
2248,2027
2249,585
2249,845
2249,1792
2249,2443
2249,2444
2250,1091
2250,1411
2252,350
2252,3173
2252,3174
2253,3108
2254,2255
2255,815
2256,6
2257,2254
2257,2255
2258,2085
2259,1479
2259,2272
2259,2952
2261,1452
2261,2902
2264,1455
2264,2266
2265,528
2268,874
2268,1948
2270,445
2270,2269
2271,2605
2273,581
2274,2197
2275,891
2276,2276
2278,490
2280,3084
2282,1871
2283,2794
2284,2102
2285,413
2286,811
2287,2287
2292,2288
2292,2297
2294,210
2294,413
2294,414
2294,982
2294,1768
2294,2285
2294,2291
2294,2293
2294,2298
2294,2300
2294,2896
2295,149
2295,260
2295,298
2295,446
2295,448
2295,629
2295,3153
2295,3244
2295,3275
2295,3276
2296,413
2296,2298
2296,3246
2297,2288
2299,2298
2299,2301
2302,622
2304,560
2304,1961
2305,558
2305,560
2305,2303
2306,707
2308,2833
2309,2309
2310,2850
2311,1966
2312,1202
2316,2027
2318,1724
2319,2315
2321,2320
2322,499
2322,628
2326,2971
2327,644
2327,663
2327,1712
2327,1846
2328,321
2328,2549
2329,610
2331,680
2334,287
2335,1804
2337,2337
2339,2612
2342,3033
2343,2730
2344,608
2344,3291
2345,1942
2346,2347
2348,2348
2352,880
2352,1531
2353,1266
2355,2356
2355,3310
2356,1096
2357,575
2357,660
2357,2958
2357,3230
2358,2359
2359,1814
2359,3248
2360,781
2360,1123
2361,1584
2362,785
2362,2363
2362,2365
2363,785
2364,785
2364,2363
2364,2365
2368,2367
2368,2443
2369,323
2369,2629
2370,2373
2371,2372
2374,2370
2374,2372
2374,2373
2375,850
2376,1096
2377,1096
2377,2355
2377,2356
2377,2376
2378,1469
2378,2560
2379,838
2379,1508
2379,1874
2379,1895
2379,2378
2382,3310
2383,1679
2383,1681
2384,434
2385,314
2385,2049
2386,2049
2389,2388
2390,2390
2391,2391
2393,1538
2396,2227
2397,489
2397,514
2397,2398
2399,507
2399,702
2399,2704
2399,2736
2399,2851
2399,2852
2400,3230
2401,625
2404,1756
2404,2261
2404,2405
2404,2427
2404,3294
2405,1785
2406,638
2406,747
2406,894
2407,412
2407,1101
2407,1103
2407,2408
2407,3072
2409,1629
2410,2682
2413,873
2413,1220
2413,1423
2413,1621
2413,2414
2413,2603
2413,2604
2413,2963
2413,2964
2415,249
2415,1219
2415,1220
2415,1554
2415,1602
2415,1621
2415,2414
2415,2603
2415,2604
2415,2963
2415,2964
2417,3296
2418,149
2418,242
2418,260
2418,298
2418,446
2418,448
2418,629
2418,2115
2418,2234
2418,2295
2418,3153
2418,3244
2418,3274
2418,3275
2418,3276
2419,1064
2420,2017
2421,2421
2424,2423
2425,252
2426,2427
2428,2429
2431,2469
2432,681
2434,283
2434,462
2434,1830
2434,2435
2434,2436
2434,2775
2435,2433
2435,3188
2436,1345
2436,3188
2437,2438
2439,152
2439,2440
2441,2280
2443,2444
2445,2083
2446,295
2446,577
2446,590
2446,1845
2447,1078
2447,1079
2447,1080
2447,3091
2448,640
2448,741
2448,822
2448,1783
2448,1840
2448,1999
2448,2218
2448,2614
2448,2836
2449,656
2450,1441
2450,3288
2451,2597
2452,128
2452,1836
2454,1115
2456,880
2456,1292
2459,195
2459,275
2459,1519
2461,2460
2462,1137
2462,1320
2463,668
2464,325
2464,604
2464,3289
2465,2464
2466,803
2466,2535
2466,2680
2466,2853
2467,273
2467,2467
2468,344
2468,2468
2470,2471
2471,738
2471,2471
2472,738
2472,2313
2473,738
2475,616
2475,709
2477,248
2477,406
2477,1263
2477,1386
2477,2595
2477,2604
2477,2675
2478,2323
2479,2483
2480,425
2480,882
2480,2721
2480,2722
2483,1831
2484,881
2485,1236
2486,2139
2488,1512
2488,1532
2488,1581
2489,1098
2490,1711
2490,2816
2492,186
2492,2491
2493,977
2494,2194
2494,2195
2495,2134
2495,2346
2495,2347
2495,2494
2496,562
2496,565
2496,672
2496,1525
2496,1716
2496,2193
2496,2194
2496,2195
2496,2590
2496,3256
2497,2350
2499,1355
2499,1605
2500,198
2500,654
2500,1210
2500,1666
2500,1878
2500,3033
2501,2599
2502,2876
2503,2505
2504,674
2504,2505
2505,2506
2507,1219
2507,1621
2507,2251
2507,2414
2507,2603
2507,2911
2507,2964
2508,1220
2508,1459
2508,2251
2508,2508
2511,638
2513,3087
2514,2516
2515,2516
2517,2872
2518,199
2518,2721
2520,2519
2521,1097
2522,900
2523,624
2524,684
2524,721
2524,1404
2524,2178
2524,2354
2524,2685
2524,2715
2526,107
2528,577
2528,1141
2529,673
2529,748
2530,2498
2531,2046
2531,2982
2532,2533
2533,2532
2534,2535
2534,2831
2536,377
2536,485
2536,587
2536,703
2536,908
2536,920
2536,930
2536,1802
2536,1833
2536,2223
2536,2366
2536,2534
2536,2648
2536,2831
2536,3021
2536,3241
2536,3287
2537,1695
2538,1223
2538,2759
2539,642
2539,1402
2539,1403
2539,2451
2540,992
2542,316
2545,2319
2547,2546
2548,419
2548,1018
2548,1685
2548,2975
2550,2551
2552,143
2552,244
2552,1010
2552,2553
2552,2555
2553,143
2553,1010
2553,2554
2556,380
2556,1089
2556,1747
2556,1840
2556,2842
2556,3084
2557,527
2557,2289
2559,2558
2562,2489
2563,765
2564,3070
2566,724
2566,772
2567,729
2568,153
2568,2570
2568,2773
2569,1725
2569,2772
2569,2926
2569,2927
2570,2381
2570,2570
2570,2638
2570,2773
2572,2571
2572,2573
2576,40
2576,948
2577,1389
2578,2579
2580,2578
2580,2579
2581,2582
2584,241
2585,2584
2586,1945
2586,2746
2586,2971
2588,846
2589,392
2589,561
2589,2232
2589,2289
2592,397
2592,1894
2592,3309
2593,2281
2594,664
2594,1130
2594,1238
2594,1322
2594,1323
2594,2047
2594,2048
2594,2238
2594,2254
2594,2255
2594,2525
2594,2602
2595,406
2596,2451
2596,2597
2601,771
2603,2414
2603,2964
2604,1621
2604,2414
2604,2603
2606,859
2606,1789
2609,566
2609,2607
2609,2608
2610,2611
2611,607
2613,857
2615,174
2615,352
2616,1715
2618,1469
2618,2617
2619,2620
2621,2622
2622,2619
2622,2620
2623,88
2623,258
2623,1416
2623,3260
2624,3212
2626,2626
2627,2227
2628,2628
2630,2682
2631,183
2631,520
2631,566
2631,729
2631,1633
2631,2323
2631,2544
2631,2607
2631,2608
2631,2633
2631,2803
2631,2873
2633,520
2633,2323
2633,2803
2635,677
2635,3281
2636,1093
2636,1597
2636,1958
2636,2747
2637,1610
2639,2974
2641,452
2641,679
2641,760
2641,799
2641,2054
2641,2289
2641,2409
2641,2640
2641,2901
2641,3074
2641,3076
2641,3119
2641,3240
2641,3243
2641,3259
2641,3308
2642,2017
2643,2643
2644,2013
2644,2483
2644,2645
2645,239
2645,1831
2645,2430
2649,2563
2653,676
2653,1040
2653,2611
2654,2655
2654,2656
2654,2931
2655,2656
2655,2931
2658,1493
2658,2657
2659,3039
2660,2433
2661,536
2661,592
2661,597
2661,599
2661,848
2661,953
2661,1232
2661,1359
2661,1367
2661,1368
2661,1524
2661,1532
2661,2488
2661,2613
2661,2857
2662,900
2663,2664
2665,2664
2667,2668
2667,3188
2669,3202
2670,2210
2670,2211
2670,2227
2671,2210
2671,2211
2671,2227
2671,2670
2671,2898
2673,697
2674,743
2674,1560
2674,1987
2675,1102
2676,1031
2676,1032
2678,1944
2678,3044
2680,803
2680,852
2683,1289
2684,1149
2686,698
2687,2690
2687,2889
2688,101
2690,3182
2691,685
2698,2699
2699,2697
2700,456
2700,682
2700,756
2700,1311
2700,1312
2701,1583
2701,1613
2701,2207
2701,2702
2704,507
2705,23
2708,2641
2709,162
2711,44
2711,598
2714,707
2714,2714
2714,2911
2717,83
2721,425
2721,2722
2723,669
2723,980
2723,1922
2723,2725
2723,2727
2724,105
2724,197
2724,204
2724,227
2724,247
2724,268
2724,353
2724,571
2724,710
2724,722
2724,726
2724,735
2724,757
2724,848
2724,1054
2724,1326
2724,1353
2724,1417
2724,1418
2724,1559
2724,1607
2724,1611
2724,1633
2724,1634
2724,1668
2724,1669
2724,1678
2724,1739
2724,1850
2724,1896
2724,1897
2724,1898
2724,2280
2724,2323
2724,2355
2724,2356
2724,2382
2724,2473
2724,2474
2724,2510
2724,2543
2724,2556
2724,2631
2724,2633
2724,2677
2724,2716
2724,3184
2724,3231
2724,3234
2724,3235
2724,3267
2725,465
2725,1203
2725,1611
2725,1620
2725,2631
2725,2633
2725,3231
2725,3234
2725,3235
2725,3237
2726,197
2726,1947
2727,1074
2727,1922
2728,2110
2731,2340
2732,1736
2732,2731
2733,424
2733,1742
2733,1743
2734,424
2734,1742
2738,243
2738,2738
2742,1799
2743,873
2744,2745
2745,739
2746,1944
2746,1945
2747,620
2747,2448
2747,3270
2748,2748
2749,37
2749,1050
2750,289
2750,743
2750,1411
2750,1560
2750,1856
2750,2249
2750,2367
2750,2674
2750,2751
2751,228
2751,431
2751,1414
2751,2398
2752,357
2752,584
2752,893
2752,903
2752,1082
2753,2753
2756,2850
2757,1187
2757,2510
2761,2760
2763,1852
2763,2762
2765,665
2766,2765
2775,1497
2775,3112
2776,2777
2778,10
2778,2024
2778,2778
2779,1535
2780,1123
2781,791
2781,2783
2784,286
2784,387
2784,507
2784,1535
2784,1688
2784,2366
2784,2399
2784,2704
2784,2779
2784,2782
2784,2784
2785,1026
2785,1027
2785,1028
2785,2786
2786,1026
2786,1028
2788,659
2788,2757
2788,2789
2788,2790
2790,514
2790,588
2790,2693
2791,532
2792,187
2792,1690
2792,1774
2792,2771
2792,2779
2792,3261
2795,368
2795,2793
2796,2852
2797,856
2797,2794
2797,2918
2798,1168
2799,1396
2799,2798
2799,3241
2800,1486
2801,723
2801,2926
2801,2927
2801,3112
2803,520
2803,1810
2806,2081
2807,2081
2807,2808
2808,2011
2809,1794
2811,147
2811,919
2811,1631
2811,2040
2812,2081
2813,2314
2816,2815
2817,292
2819,2823
2819,3268
2820,2819
2820,2822
2820,2823
2821,2819
2822,2819
2822,2823
2823,2819
2823,2822
2824,115
2824,2819
2824,3177
2826,589
2826,1396
2826,3241
2827,2827
2828,787
2828,2527
2829,1823
2830,805
2830,2476
2831,2648
2832,803
2835,797
2836,704
2837,704
2837,2836
2838,2846
2839,510
2839,2326
2840,369
2843,2845
2844,427
2845,427
2845,2844
2848,330
2849,293
2849,606
2849,610
2849,614
2849,1292
2849,1397
2849,2022
2849,2329
2849,2366
2849,3094
2849,3255
2849,3291
2850,2310
2851,702
2852,702
2853,803
2854,925
2855,2394
2858,1180
2858,2740
2858,2741
2859,1289
2859,2858
2860,510
2860,1197
2860,1596
2862,865
2863,2056
2863,2509
2864,510
2864,643
2864,1093
2864,1596
2864,2862
2864,3109
2864,3110
2864,3112
2865,441
2866,53
2868,896
2869,538
2870,720
2871,2535
2874,2874
2874,2875
2874,2876
2875,2876
2879,417
2879,754
2879,2880
2880,754
2881,2437
2881,2438
2882,52
2882,2110
2882,2883
2883,2882
2884,2885
2886,2085
2887,747
2889,3311
2890,125
2891,618
2891,3292
2892,1026
2892,1028
2894,702
2894,908
2894,1677
2894,2194
2894,2195
2894,2234
2894,2535
2894,2736
2894,2851
2894,2852
2895,3048
2896,210
2897,1221
2898,1038
2898,2210
2898,2227
2898,2670
2898,2898
2899,2900
2903,1391
2903,1677
2903,3031
2904,1677
2905,393
2905,2600
2906,1594
2906,2247
2907,2247
2908,315
2910,449
2912,573
2913,2914
2914,697
2915,2915
2916,1779
2916,2647
2917,751
2919,130
2919,190
2923,3063
2925,583
2925,3116
2927,2926
2929,733
2929,2169
2929,2802
2930,2613
2936,2935
2937,1342
2937,1345
2937,2938
2939,1343
2939,2073
2940,1775
2940,2941
2941,1775
2942,2920
2942,2921
2943,2193
2944,558
2944,2303
2946,713
2948,191
2948,2949
2949,191
2949,516
2951,163
2951,2713
2955,274
2955,377
2955,562
2955,565
2955,1477
2955,1478
2955,1525
2955,1677
2955,2161
2955,2193
2955,2194
2955,2195
2955,2234
2955,2366
2955,2495
2955,2503
2955,2504
2955,2597
2955,2782
2955,2954
2955,3051
2955,3262
2960,2742
2961,329
2962,1444
2966,2677
2968,470
2968,1721
2969,296
2969,2970
2971,2179
2971,2395
2972,354
2972,620
2972,799
2972,1956
2972,2394
2972,2395
2972,2771
2972,2856
2972,2926
2972,2927
2972,2971
2972,2972
2972,2973
2972,3039
2972,3308
2973,723
2973,865
2973,1095
2973,1483
2973,1796
2973,2747
2973,2801
2973,2864
2973,2926
2973,2927
2973,3112
2976,2976
2977,2978
2978,2978
2980,1206
2980,1293
2980,1642
2980,2912
2980,3033
2984,844
2984,1098
2984,2489
2984,2985
2986,844
2987,25
2987,185
2987,290
2987,323
2987,934
2987,1122
2987,1341
2987,1898
2987,1980
2987,2124
2987,2629
2988,672
2990,3033
2991,2990
2991,2992
2992,896
2994,473
2994,611
2994,613
2994,1118
2994,1119
2994,1120
2998,221
2998,2998
2999,1873
3000,594
3001,2330
3002,480
3005,81
3005,3006
3005,3009
3006,3003
3008,309
3012,714
3013,2478
3013,3311
3015,2333
3015,2672
3020,79
3021,2648
3021,3022
3023,2223
3024,3024
3025,901
3026,3025
3027,2911
3031,814
3035,1400
3035,2808
3040,601
3041,3308
3042,853
3042,876
3042,904
3042,1558
3042,3004
3042,3043
3043,600
3043,1488
3045,2071
3046,2325
3049,765
3049,869
3049,1957
3049,1958
3049,2662
3049,2740
3050,3103
3051,780
3051,2134
3051,2494
3051,3262
3052,3052
3053,858
3053,943
3053,967
3053,1760
3053,3052
3054,3055
3055,455
3056,3094
3057,3060
3060,3058
3061,971
3062,3060
3064,3021
3065,790
3065,1331
3065,2934
3065,3065
3066,3067
3071,3072
3073,2989
3075,757
3075,846
3075,1316
3075,2096
3075,2810
3079,679
3079,3030
3081,757
3081,859
3081,3202
3082,2181
3083,103
3083,2003
3085,888
3086,3088
3087,3088
3089,3090
3091,3092
3092,2850
3095,1807
3096,206
3096,328
3096,1069
3096,1622
3096,2021
3096,2526
3097,717
3097,750
3097,2117
3097,3032
3098,2089
3099,3100
3102,1326
3102,1607
3102,3103
3104,1325
3104,1326
3104,3102
3104,3103
3105,3102
3106,2356
3107,3108
3109,3110
3110,2862
3110,3112
3111,3112
3112,865
3113,3114
3114,902
3116,583
3116,2251
3118,3217
3120,728
3120,1474
3122,3121
3127,1121
3130,2509
3130,2902
3132,3133
3135,937
3135,1340
3136,1462
3138,764
3138,2771
3140,3139
3141,333
3146,1364
3146,2191
3148,1294
3148,2377
3150,1442
3151,671
3153,260
3153,2014
3153,2533
3155,1157
3156,2719
3157,3157
3158,881
3159,3161
3159,3164
3160,3017
3160,3167
3161,3164
3162,674
3162,2279
3163,1348
3163,1804
3163,2335
3166,1290
3166,2023
3168,2416
3170,721
3170,3169
3171,3169
3172,138
3173,350
3175,598
3176,1789
3179,3178
3179,3181
3180,3178
3181,786
3181,3178
3184,722
3186,151
3186,1444
3188,476
3188,2433
3190,649
3191,89
3191,463
3191,1867
3191,3209
3192,1020
3192,2081
3193,144
3193,500
3193,3223
3194,778
3196,1797
3197,627
3197,1337
3197,2349
3199,2346
3199,3200
3200,1964
3200,2191
3201,1567
3206,264
3206,3204
3206,3205
3207,407
3208,3032
3211,3212
3211,3213
3214,3215
3216,742
3219,2269
3219,2990
3220,3264
3221,1219
3221,1621
3222,1219
3222,1621
3224,515
3225,552
3225,720
3225,1574
3225,1658
3225,2073
3227,3226
3228,1503
3228,2994
3229,3124
3230,840
3230,848
3230,1580
3230,2441
3230,2888
3230,3084
3230,3231
3231,640
3231,3252
3232,3233
3233,1992
3236,417
3236,754
3236,2879
3236,2880
3237,1209
3237,1620
3237,2001
3237,2994
3238,278
3238,361
3238,820
3238,1582
3238,1749
3238,2051
3238,2071
3238,2441
3238,2842
3238,3084
3238,3113
3238,3157
3238,3231
3238,3266
3239,381
3240,485
3240,3242
3241,2648
3243,1127
3243,1128
3244,698
3244,707
3245,3245
3247,2260
3249,1696
3251,3252
3253,318
3254,148
3255,293
3255,2329
3256,562
3257,1331
3259,3308
3260,1927
3260,2013
3260,2623
3261,2779
3262,2648
3263,950
3265,2444
3265,3252
3266,3084
3267,2443
3267,2444
3267,3265
3271,1523
3271,2109
3273,3272
3274,260
3274,298
3274,446
3274,448
3274,698
3274,3274
3274,3276
3275,149
3275,260
3275,298
3275,446
3275,448
3275,2295
3275,3153
3275,3244
3275,3274
3275,3276
3276,298
3276,3153
3276,3274
3276,3276
3277,1708
3279,33
3279,1268
3279,2476
3282,859
3282,1581
3283,33
3283,373
3283,523
3283,880
3283,1219
3283,1238
3283,1554
3283,1598
3283,1599
3283,1621
3283,1653
3283,1982
3283,2597
3283,2940
3283,3016
3284,249
3284,469
3284,880
3284,1554
3284,1638
3284,2064
3284,2181
3284,3016
3287,2535
3288,403
3291,608
3293,1441
3293,1443
3293,3288
3294,2261
3294,3294
3295,3290
3297,296
3297,403
3297,1441
3297,3288
3298,3299
3302,3303
3305,1002
3305,3304
3307,1482
3308,3142
